create table t1 ( name varchar(64) character set utf8, len int);
select * from t1 where (name, len) in (select  name, len from information_schema.innodb_sys_columns having len = 8);
name	len
drop table t1;
